filename,rr_mean,rr_max,rr_min,sr_mean,sr_max,sr_min,mdd_mean,mdd_max,mdd_min
result_individual_sharpe_mean_result.csv,0.07919751225610001,0.4068471073399999,-0.1433823083399998,0.6475851239464383,2.1074337548857995,-1.8135925257474956,0.08077025714619582,0.1970499045453883,0.0140891312908593
result_mat_individual_sharpe_result.csv,0.07107395286116665,0.4189606699999999,-0.09240963164,0.666255033464965,2.2365563119192826,-1.2063722675173332,0.09248999967313477,0.2162416793427791,0.0128474016863951
